image_path,lat,lon,region
forest_04.jpg,45.39162227863149,-122.4459869264454,forest
urban_04.jpg,40.64982448991782,-74.11307087311474,urban
forest_02.jpg,45.51243139448904,-122.60346721753704,forest
urban_03.jpg,40.92258112044309,-74.04698161148049,urban
desert_03.jpg,24.962932473458945,55.105045112040806,desert
desert_02.jpg,24.998086950347886,55.11750012195003,desert
beach_02.jpg,21.407798729712376,-157.65391998748638,beach
mountain_02.jpg,46.5779192634515,7.589890224365017,mountain
